Open,High,Low,Close,Volume,Dividends,Stock Splits,Moving_Average
170.16110855599047,173.2220624293127,169.87289353938732,172.6754608154297,52164500,0.0,0.0,
171.1946676938173,172.55620536089927,169.76358598551198,171.33380126953125,49594600,0.0,0.0,
170.03190052575047,173.13261538484517,169.91264751116213,172.5860137939453,53020300,0.0,0.0,
172.7151938850701,174.3649313004983,171.61205804275627,173.82827758789062,48527900,0.0,0.0,
